{"cameraMode":{"drawMode":0,"name":"Shaded","section":"Shading Mode"},"sceneLighting":false,"audioPlay":false,"sceneViewState":{"showFog":true,"showMaterialUpdate":false,"showSkybox":false,"showFlares":true,"showImageEffects":true,"showParticleSystems":true,"showVisualEffectGraphs":true,"m_FxEnabled":true},"in2DMode":false,"pivot":{"x":-0.005177363753318787,"y":-0.1275041699409485,"z":0.07577681541442871},"rotation":{"x":0.08417917042970658,"y":0.026896469295024873,"z":-0.002273035468533635,"w":0.9960840344429016},"size":2.34193754196167,"orthographic":false}