{"cameraMode":{"drawMode":0,"name":"Shaded","section":"Shading Mode"},"sceneLighting":true,"audioPlay":false,"sceneViewState":{"showFog":true,"showMaterialUpdate":false,"showSkybox":true,"showFlares":true,"showImageEffects":true,"showParticleSystems":true,"showVisualEffectGraphs":true,"m_FxEnabled":true},"in2DMode":false,"pivot":{"x":0.053845152258872989,"y":0.12066228687763214,"z":-0.12019388377666474},"rotation":{"x":0.06860894709825516,"y":-0.09860414266586304,"z":0.006816159933805466,"w":0.9927273988723755},"size":0.216199591755867,"orthographic":true}